阿姨,ā yí,maternal aunt
啊,a,modal particle ending sentence
矮,ǎi,low
爱好,ài hào,to like
安静,ān jìng,quiet
把,bǎ,to hold
搬,bān,to move
班,bān,team
半,bàn,half
办法,bàn fǎ,means
办公室,bàn gōng shì,office
帮忙,bāng máng,to help
包,bāo,to cover
饱,bǎo,to eat till full
北方,běi fāng,north
被,bèi,quilt
鼻子,bí zi,nose
比较,bǐ jiào,to compare
比赛,bǐ sài,competition (sports etc)
必须,bì xū,to have to
变化,biàn huà,change
表示,biǎo shì,to express
表演,biǎo yǎn,play
别人,bié ren,other people
宾馆,bīn guǎn,guesthouse
冰箱,bīng xiāng,icebox
才,cái,a moment ago
菜单,cài dān,menu
参加,cān jiā,to participate
草,cǎo,grass
层,céng,layer
差,chà,to differ from
超市,chāo shì,supermarket (abbr.)
衬衫,chèn shān,shirt
成绩,chéng jì,achievement
城市,chéng shì,city
迟到,chí dào,to arrive late
出现,chū xiàn,to appear
除了,chú le,besides
厨房,chú fáng,kitchen
春,chūn,spring (time)
词语,cí yǔ,word (general term including monosyllables through to short phrases)
聪明,cōng ming,acute (of sight and hearing)
打扫,dǎ sǎo,to clean
打算,dǎ suàn,to plan
带,dài,band
担心,dān xīn,anxious
蛋糕,dàn gāo,cake
当然,dāng rán,only natural
地,de,-ly
灯,dēng,lamp
低,dī,low
地方,dì fang,area
地铁,dì tiě,subway
地图,dì tú,map
电梯,diàn tī,elevator
电子,diàn zǐ,electronic
冬,dōng,sound of beating a drum
东,dōng,east
动物,dòng wù,animal
短,duǎn,short or brief
段,duàn,paragraph
锻炼,duàn liàn,to engage in physical exercise
多么,duō me,how (wonderful etc)
饿,è,to be hungry
而且,ér qiě,(not only ...) but also
耳朵,ěr duo,ear
发烧,fā shāo,to have a high temperature (from illness)
发现,fā xiàn,to find
方便,fāng biàn,convenient
放,fàng,to release
放心,fàng xīn,to feel relieved
分,fēn,to divide
附近,fù jìn,(in the) vicinity
复习,fù xí,variant of 復習|复习
干净,gān jìng,clean
敢,gǎn,to dare
感冒,gǎn mào,to catch cold
刚才,gāng cái,(just) a moment ago
根据,gēn jù,according to
跟,gēn,heel
更,gèng,more
公园,gōng yuán,public park
故事,gù shi,narrative
刮,guā,to blow (of the wind)
关,guān,mountain pass
关系,guān xì,variant of 關係|关系[guān xì]
关心,guān xīn,to care for sth
关于,guān yú,pertaining to
国家,guó jiā,country
果汁,guǒ zhī,fruit juice
过去,guò qu,(in the) past
还是,hái shi,or
害怕,hài pà,to be afraid
河,hé,river
黑板,hēi bǎn,blackboard
护照,hù zhào,passport
花,huā,flower
花园,huā yuán,garden
画,huà,to draw
坏,huài,bad
环境,huán jìng,environment
换,huàn,to change
黄,huáng,yellow
会议,huì yì,meeting
或者,huò zhě,or
机会,jī huì,opportunity
几乎,jī hū,almost
极,jí,extremely
记得,jì de,to remember
季节,jì jié,time
检查,jiǎn chá,inspection
简单,jiǎn dān,simple
见面,jiàn miàn,to meet
健康,jiàn kāng,health
讲,jiǎng,to speak
教,jiāo,to teach
脚,jiǎo,foot
角,jiǎo,angle
接,jiē,to receive
街道,jiē dào,street
节目,jié mù,program
节日,jié rì,holiday
结婚,jié hūn,to marry
结束,jié shù,termination
解决,jiě jué,to settle (a dispute)
借,jiè,to lend
经常,jīng cháng,day to day
经过,jīng guò,to pass
经理,jīng lǐ,manager
久,jiǔ,(long) time
旧,jiù,old
举行,jǔ xíng,to hold (a meeting
句子,jù zi,sentence
决定,jué dìng,to decide (to do something)
渴,kě,thirsty
可爱,kě ài,adorable
刻,kè,quarter (hour)
客人,kè rén,visitor
空调,kōng tiáo,air conditioning
口,kǒu,mouth
哭,kū,to cry
裤子,kù zi,trousers
筷子,kuài zi,chopsticks
蓝,lán,blue
老,lǎo,old
离开,lí kāi,to depart
礼物,lǐ wù,gift
历史,lì shǐ,history
脸,liǎn,face
练习,liàn xí,exercise
辆,liàng,classifier for vehicles
了解,liǎo jiě,to understand
邻居,lín jū,neighbor
楼,lóu,house with more than 1 story
绿,lǜ,green
马,mǎ,horse
马上,mǎ shàng,at once
满意,mǎn yì,satisfied
帽子,mào zi,hat
米,mǐ,rice
面包,miàn bāo,bread
面条,miàn tiáo,noodles
明白,míng bai,clear
拿,ná,to hold
奶奶,nǎi nai,(informal) grandma (paternal grandmother)
南,nán,south
难,nán,difficult (to...)
难过,nán guò,to feel sad
年级,nián jí,grade
年轻,nián qīng,young
鸟,niǎo,bird
努力,nǔ lì,great effort
爬山,pá shān,to climb a mountain
盘子,pán zi,tray
胖,pàng,fat
啤酒,pí jiǔ,beer
葡萄,pú tao,grape
普通话,pǔ tōng huà,Mandarin (common language)
骑,qí,to ride (an animal or bike)
其实,qí shí,actually
其他,qí tā,other
奇怪,qí guài,strange
铅笔,qiān bǐ,(lead) pencil
清楚,qīng chu,clear
秋,qiū,a swing
裙子,qún zi,skirt
然后,rán hòu,after
热情,rè qíng,cordial
认为,rèn wéi,to believe
认真,rèn zhēn,conscientious
容易,róng yì,easy
如果,rú guǒ,if
伞,sǎn,umbrella
上网,shàng wǎng,to be on the internet
生气,shēng qì,angry
声音,shēng yīn,voice
使,shǐ,to make
世界,shì jiè,world
瘦,shòu,thin
舒服,shū fu,comfortable
叔叔,shū shu,father's younger brother
树,shù,tree
数学,shù xué,mathematics
刷,shuā,to brush
双,shuāng,two
水平,shuǐ píng,level (of achievement etc)
司机,sī jī,chauffeur
虽然,suī rán,although
太阳,tài yáng,sun
糖,táng,sugar
特别,tè bié,especially
疼,téng,(it) hurts
提高,tí gāo,to raise
体育,tǐ yù,sports
甜,tián,sweet
条,tiáo,strip
同事,tóng shì,colleague
同意,tóng yì,to agree
头发,tóu fa,hair (on the head)
突然,tū rán,sudden
图书馆,tú shū guǎn,library
腿,tuǐ,leg
完成,wán chéng,to complete
碗,wǎn,bowl
万,wàn,ten thousand
忘记,wàng jì,to forget
为了,wèi le,in order to
为什么,wèi shén me,why?
位,wèi,position
文化,wén huà,culture
西,xī,west
习惯,xí guàn,habit
洗手间,xǐ shǒu jiān,toilet
洗澡,xǐ zǎo,to bathe
夏,xià,summer
先,xiān,early
香蕉,xiāng jiāo,banana
相同,xiāng tóng,identical
相信,xiāng xìn,to be convinced (that sth is true)
像,xiàng,to resemble
小心,xiǎo xīn,to be careful
校长,xiào zhǎng,(college
鞋,xié,shoe
新闻,xīn wén,news
新鲜,xīn xiān,fresh (experience
信,xìn,letter
行李箱,xíng li xiāng,suitcase
兴趣,xìng qù,interest (desire to know about sth)
熊猫,xióng māo,panda
需要,xū yào,to need
选择,xuǎn zé,to select
眼镜,yǎn jìng,spectacles
要求,yāo qiú,to request
爷爷,yé ye,(informal) father's father
一定,yī dìng,surely
一共,yī gòng,altogether
一会儿,yī huì r,a while
一样,yī yàng,same
以后,yǐ hòu,after
以前,yǐ qián,before
以为,yǐ wéi,to believe
一般,yī bān,same
一边,yī biān,one side
一直,yī zhí,straight (in a straight line)
音乐,yīn yuè,music
银行,yín háng,bank
应该,yīng gāi,ought to
影响,yǐng xiǎng,an influence
用,yòng,to use
游戏,yóu xì,game
有名,yǒu míng,famous
又,yòu,(once) again
遇到,yù dào,to meet
愿意,yuàn yì,to wish
越,yuè,to exceed
月亮,yuè liang,moon
云,yún,cloud
站,zhàn,station
着急,zháo jí,to worry
照顾,zhào gu,to take care of
照片,zhào piàn,photograph
照相机,zhào xiàng jī,camera
只,zhī,classifier for birds and certain animals
只,zhǐ,but
终于,zhōng yú,at last
中间,zhōng jiān,between
种,zhǒng,abbr. for 物種|物种
重要,zhòng yào,important
周末,zhōu mò,weekend
主要,zhǔ yào,main
祝,zhù,to wish
注意,zhù yì,to take note of
字典,zì diǎn,dictionary
自己,zì jǐ,oneself
总是,zǒng shì,always
最近,zuì jìn,recent
作业,zuò yè,school assignment
作用,zuò yòng,to act on